email,senha
0.8369156814770745@mail.com,user123
0.9134403432299593@mail.com,user123  
0.47961044553724647@mail.com,user123
0.7310830912886614@mail.com,user123
0.9514097498214618@mail.com,user123
0.6302221556832514@mail.com,user123
0.34786445275818095@mail.com,user123
0.9669645828788633@mail.com,user123
0.08107986814685426@mail.com,user123
0.7630195249817017@mail.com,user123
0.8980344368837364@mail.com,user123
0.5510193849841794@mail.com,user123
0.03868014354122639@mail.com,user123
0.9864059222881849@mail.com,user123
0.6120259291275721@mail.com,user123